<?xml version="1.0" encoding="utf-8"?>
<odoo>

    <record id="property_rule_holidays_cancel_employee" model="ir.rule">
        <field name="name">Employee Holidays Cancel</field>
        <field name="model_id" ref="model_hr_holidays_cancel"/>
        <field name="domain_force">[('employee_id.user_id','=',user.id)]</field>
        <field name="perm_create" eval="False"/>
        <field name="perm_write" eval="False"/>
        <field name="perm_unlink" eval="False"/>
        <field name="groups" eval="[(4,ref('base.group_user'))]"/>
    </record>

</odoo>
